{"cameraMode":{"drawMode":0,"name":"Shaded","section":"Shading Mode"},"sceneLighting":true,"audioPlay":false,"sceneViewState":{"showFog":true,"showMaterialUpdate":false,"showSkybox":false,"showFlares":true,"showImageEffects":true,"showParticleSystems":true},"in2DMode":false,"pivot":{"x":-7.019695281982422,"y":2.201353073120117,"z":6.541103363037109},"rotation":{"x":-0.17497791349887849,"y":0.8012697696685791,"z":-0.28146564960479739,"w":-0.49812325835227969},"size":16.830493927001954,"orthographic":false}